Область,Год,Кол-во,Округ
Белгородская_область,2013,156801,Центральный_федеральный_округ
Белгородская_область,2014,171668,Центральный_федеральный_округ
Белгородская_область,2015,151471,Центральный_федеральный_округ
Белгородская_область,2016,233033,Центральный_федеральный_округ
Белгородская_область,2017,272193,Центральный_федеральный_округ
Белгородская_область,2018,301418,Центральный_федеральный_округ
Белгородская_область,2019,313741,Центральный_федеральный_округ
Белгородская_область,2020,208642,Центральный_федеральный_округ
Брянская_область,2013,113056,Центральный_федеральный_округ
Брянская_область,2014,125824,Центральный_федеральный_округ
Брянская_область,2015,139264,Центральный_федеральный_округ
Брянская_область,2016,170861,Центральный_федеральный_округ
Брянская_область,2017,197869,Центральный_федеральный_округ
Брянская_область,2018,223783,Центральный_федеральный_округ
Брянская_область,2019,221142,Центральный_федеральный_округ
Брянская_область,2020,136956,Центральный_федеральный_округ
Владимирская_область,2013,357276,Центральный_федеральный_округ
Владимирская_область,2014,344029,Центральный_федеральный_округ
Владимирская_область,2015,535697,Центральный_федеральный_округ
Владимирская_область,2016,573172,Центральный_федеральный_округ
Владимирская_область,2017,521158,Центральный_федеральный_округ
Владимирская_область,2018,543317,Центральный_федеральный_округ
Владимирская_область,2019,581738,Центральный_федеральный_округ
Владимирская_область,2020,361577,Центральный_федеральный_округ
Воронежская_область,2013,247380,Центральный_федеральный_округ
Воронежская_область,2014,281883,Центральный_федеральный_округ
Воронежская_область,2015,497173,Центральный_федеральный_округ
Воронежская_область,2016,582147,Центральный_федеральный_округ
Воронежская_область,2017,636841,Центральный_федеральный_округ
Воронежская_область,2018,647330,Центральный_федеральный_округ
Воронежская_область,2019,645250,Центральный_федеральный_округ
Воронежская_область,2020,487604,Центральный_федеральный_округ
Ивановская_область,2013,182692,Центральный_федеральный_округ
Ивановская_область,2014,214084,Центральный_федеральный_округ
Ивановская_область,2015,222268,Центральный_федеральный_округ
Ивановская_область,2016,221842,Центральный_федеральный_округ
Ивановская_область,2017,244296,Центральный_федеральный_округ
Ивановская_область,2018,244175,Центральный_федеральный_округ
Ивановская_область,2019,258162,Центральный_федеральный_округ
Ивановская_область,2020,140759,Центральный_федеральный_округ
Калужская_область,2013,319802,Центральный_федеральный_округ
Калужская_область,2014,364022,Центральный_федеральный_округ
Калужская_область,2015,490608,Центральный_федеральный_округ
Калужская_область,2016,434028,Центральный_федеральный_округ
Калужская_область,2017,504686,Центральный_федеральный_округ
Калужская_область,2018,605580,Центральный_федеральный_округ
Калужская_область,2019,570946,Центральный_федеральный_округ
Калужская_область,2020,403383,Центральный_федеральный_округ
Костромская_область,2013,184474,Центральный_федеральный_округ
Костромская_область,2014,170768,Центральный_федеральный_округ
Костромская_область,2015,147013,Центральный_федеральный_округ
Костромская_область,2016,238057,Центральный_федеральный_округ
Костромская_область,2017,264206,Центральный_федеральный_округ
Костромская_область,2018,282822,Центральный_федеральный_округ
Костромская_область,2019,293399,Центральный_федеральный_округ
Костромская_область,2020,270378,Центральный_федеральный_округ
Курская_область,2013,118218,Центральный_федеральный_округ
Курская_область,2014,106655,Центральный_федеральный_округ
Курская_область,2015,187121,Центральный_федеральный_округ
Курская_область,2016,194613,Центральный_федеральный_округ
Курская_область,2017,192472,Центральный_федеральный_округ
Курская_область,2018,186803,Центральный_федеральный_округ
Курская_область,2019,200332,Центральный_федеральный_округ
Курская_область,2020,131619,Центральный_федеральный_округ
Липецкая_область,2013,131758,Центральный_федеральный_округ
Липецкая_область,2014,132240,Центральный_федеральный_округ
Липецкая_область,2015,145296,Центральный_федеральный_округ
Липецкая_область,2016,172367,Центральный_федеральный_округ
Липецкая_область,2017,190754,Центральный_федеральный_округ
Липецкая_область,2018,222811,Центральный_федеральный_округ
Липецкая_область,2019,260569,Центральный_федеральный_округ
Липецкая_область,2020,208200,Центральный_федеральный_округ
Московская_область,2013,2580539,Центральный_федеральный_округ
Московская_область,2014,2448176,Центральный_федеральный_округ
Московская_область,2015,3704624,Центральный_федеральный_округ
Московская_область,2016,3261347,Центральный_федеральный_округ
Московская_область,2017,3184455,Центральный_федеральный_округ
Московская_область,2018,3743773,Центральный_федеральный_округ
Московская_область,2019,4586111,Центральный_федеральный_округ
Московская_область,2020,2906713,Центральный_федеральный_округ
Орловская_область,2013,115229,Центральный_федеральный_округ
Орловская_область,2014,113930,Центральный_федеральный_округ
Орловская_область,2015,103077,Центральный_федеральный_округ
Орловская_область,2016,106027,Центральный_федеральный_округ
Орловская_область,2017,110298,Центральный_федеральный_округ
Орловская_область,2018,122994,Центральный_федеральный_округ
Орловская_область,2019,124656,Центральный_федеральный_округ
Орловская_область,2020,85816,Центральный_федеральный_округ
Рязанская_область,2013,189005,Центральный_федеральный_округ
Рязанская_область,2014,194162,Центральный_федеральный_округ
Рязанская_область,2015,248128,Центральный_федеральный_округ
Рязанская_область,2016,331050,Центральный_федеральный_округ
Рязанская_область,2017,395807,Центральный_федеральный_округ
Рязанская_область,2018,349016,Центральный_федеральный_округ
Рязанская_область,2019,391507,Центральный_федеральный_округ
Рязанская_область,2020,317710,Центральный_федеральный_округ
Смоленская_область,2013,164103,Центральный_федеральный_округ
Смоленская_область,2014,171004,Центральный_федеральный_округ
Смоленская_область,2015,169199,Центральный_федеральный_округ
Смоленская_область,2016,201208,Центральный_федеральный_округ
Смоленская_область,2017,210044,Центральный_федеральный_округ
Смоленская_область,2018,210398,Центральный_федеральный_округ
Смоленская_область,2019,226817,Центральный_федеральный_округ
Смоленская_область,2020,141477,Центральный_федеральный_округ
Тамбовская_область,2013,99045,Центральный_федеральный_округ
Тамбовская_область,2014,109036,Центральный_федеральный_округ
Тамбовская_область,2015,166698,Центральный_федеральный_округ
Тамбовская_область,2016,137625,Центральный_федеральный_округ
Тамбовская_область,2017,170530,Центральный_федеральный_округ
Тамбовская_область,2018,191705,Центральный_федеральный_округ
Тамбовская_область,2019,178621,Центральный_федеральный_округ
Тамбовская_область,2020,122688,Центральный_федеральный_округ
Тверская_область,2013,321588,Центральный_федеральный_округ
Тверская_область,2014,311499,Центральный_федеральный_округ
Тверская_область,2015,352042,Центральный_федеральный_округ
Тверская_область,2016,409095,Центральный_федеральный_округ
Тверская_область,2017,517374,Центральный_федеральный_округ
Тверская_область,2018,531483,Центральный_федеральный_округ
Тверская_область,2019,555510,Центральный_федеральный_округ
Тверская_область,2020,479315,Центральный_федеральный_округ
Тульская_область,2013,208619,Центральный_федеральный_округ
Тульская_область,2014,236478,Центральный_федеральный_округ
Тульская_область,2015,250961,Центральный_федеральный_округ
Тульская_область,2016,297209,Центральный_федеральный_округ
Тульская_область,2017,336459,Центральный_федеральный_округ
Тульская_область,2018,400520,Центральный_федеральный_округ
Тульская_область,2019,458441,Центральный_федеральный_округ
Тульская_область,2020,301158,Центральный_федеральный_округ
Ярославская_область,2013,381601,Центральный_федеральный_округ
Ярославская_область,2014,396524,Центральный_федеральный_округ
Ярославская_область,2015,633984,Центральный_федеральный_округ
Ярославская_область,2016,621574,Центральный_федеральный_округ
Ярославская_область,2017,709543,Центральный_федеральный_округ
Ярославская_область,2018,716852,Центральный_федеральный_округ
Ярославская_область,2019,819564,Центральный_федеральный_округ
Ярославская_область,2020,592246,Центральный_федеральный_округ
Город_Москва_столица_Российской_Федерации_город_федерального_значения,2013,3547083,Центральный_федеральный_округ
Город_Москва_столица_Российской_Федерации_город_федерального_значения,2014,3768943,Центральный_федеральный_округ
Город_Москва_столица_Российской_Федерации_город_федерального_значения,2015,3776752,Центральный_федеральный_округ
Город_Москва_столица_Российской_Федерации_город_федерального_значения,2016,7043836,Центральный_федеральный_округ
Город_Москва_столица_Российской_Федерации_город_федерального_значения,2017,7611660,Центральный_федеральный_округ
Город_Москва_столица_Российской_Федерации_город_федерального_значения,2018,9682050,Центральный_федеральный_округ
Город_Москва_столица_Российской_Федерации_город_федерального_значения,2019,10388303,Центральный_федеральный_округ
Город_Москва_столица_Российской_Федерации_город_федерального_значения,2020,6232571,Центральный_федеральный_округ
Республика_Башкортостан,2013,864008,Приволжский_федеральный_округ
Республика_Башкортостан,2014,808038,Приволжский_федеральный_округ
Республика_Башкортостан,2015,843985,Приволжский_федеральный_округ
Республика_Башкортостан,2016,988686,Приволжский_федеральный_округ
Республика_Башкортостан,2017,1087550,Приволжский_федеральный_округ
Республика_Башкортостан,2018,1145057,Приволжский_федеральный_округ
Республика_Башкортостан,2019,1239294,Приволжский_федеральный_округ
Республика_Башкортостан,2020,884279,Приволжский_федеральный_округ
Республика_Марий_Эл,2013,100859,Приволжский_федеральный_округ
Республика_Марий_Эл,2014,88486,Приволжский_федеральный_округ
Республика_Марий_Эл,2015,109511,Приволжский_федеральный_округ
Республика_Марий_Эл,2016,123635,Приволжский_федеральный_округ
Республика_Марий_Эл,2017,125068,Приволжский_федеральный_округ
Республика_Марий_Эл,2018,134411,Приволжский_федеральный_округ
Республика_Марий_Эл,2019,138398,Приволжский_федеральный_округ
Республика_Марий_Эл,2020,78101,Приволжский_федеральный_округ
Республика_Мордовия,2013,91878,Приволжский_федеральный_округ
Республика_Мордовия,2014,95001,Приволжский_федеральный_округ
Республика_Мордовия,2015,98683,Приволжский_федеральный_округ
Республика_Мордовия,2016,99537,Приволжский_федеральный_округ
Республика_Мордовия,2017,113743,Приволжский_федеральный_округ
Республика_Мордовия,2018,126277,Приволжский_федеральный_округ
Республика_Мордовия,2019,146667,Приволжский_федеральный_округ
Республика_Мордовия,2020,80917,Приволжский_федеральный_округ
Республика_Татарстан_(Татарстан),2013,1271662,Приволжский_федеральный_округ
Республика_Татарстан_(Татарстан),2014,1256589,Приволжский_федеральный_округ
Республика_Татарстан_(Татарстан),2015,1680475,Приволжский_федеральный_округ
Республика_Татарстан_(Татарстан),2016,1796459,Приволжский_федеральный_округ
Республика_Татарстан_(Татарстан),2017,2007077,Приволжский_федеральный_округ
Республика_Татарстан_(Татарстан),2018,2117233,Приволжский_федеральный_округ
Республика_Татарстан_(Татарстан),2019,2228082,Приволжский_федеральный_округ
Республика_Татарстан_(Татарстан),2020,1423917,Приволжский_федеральный_округ
Удмуртская_Республика,2013,260810,Приволжский_федеральный_округ
Удмуртская_Республика,2014,254353,Приволжский_федеральный_округ
Удмуртская_Республика,2015,258995,Приволжский_федеральный_округ
Удмуртская_Республика,2016,263309,Приволжский_федеральный_округ
Удмуртская_Республика,2017,280184,Приволжский_федеральный_округ
Удмуртская_Республика,2018,351240,Приволжский_федеральный_округ
Удмуртская_Республика,2019,402614,Приволжский_федеральный_округ
Удмуртская_Республика,2020,269113,Приволжский_федеральный_округ
Чувашская_Республика_-_Чувашия,2013,202368,Приволжский_федеральный_округ
Чувашская_Республика_-_Чувашия,2014,193239,Приволжский_федеральный_округ
Чувашская_Республика_-_Чувашия,2015,231376,Приволжский_федеральный_округ
Чувашская_Республика_-_Чувашия,2016,262471,Приволжский_федеральный_округ
Чувашская_Республика_-_Чувашия,2017,274941,Приволжский_федеральный_округ
Чувашская_Республика_-_Чувашия,2018,268960,Приволжский_федеральный_округ
Чувашская_Республика_-_Чувашия,2019,300574,Приволжский_федеральный_округ
Чувашская_Республика_-_Чувашия,2020,186583,Приволжский_федеральный_округ
Пермский_край,2013,481622,Приволжский_федеральный_округ
Пермский_край,2014,435955,Приволжский_федеральный_округ
Пермский_край,2015,614237,Приволжский_федеральный_округ
Пермский_край,2016,642463,Приволжский_федеральный_округ
Пермский_край,2017,637322,Приволжский_федеральный_округ
Пермский_край,2018,710633,Приволжский_федеральный_округ
Пермский_край,2019,736528,Приволжский_федеральный_округ
Пермский_край,2020,479441,Приволжский_федеральный_округ
Кировская_область,2013,205141,Приволжский_федеральный_округ
Кировская_область,2014,204661,Приволжский_федеральный_округ
Кировская_область,2015,244637,Приволжский_федеральный_округ
Кировская_область,2016,294479,Приволжский_федеральный_округ
Кировская_область,2017,280497,Приволжский_федеральный_округ
Кировская_область,2018,305326,Приволжский_федеральный_округ
Кировская_область,2019,314038,Приволжский_федеральный_округ
Кировская_область,2020,212275,Приволжский_федеральный_округ
Нижегородская_область,2013,712278,Приволжский_федеральный_округ
Нижегородская_область,2014,766299,Приволжский_федеральный_округ
Нижегородская_область,2015,1047010,Приволжский_федеральный_округ
Нижегородская_область,2016,942691,Приволжский_федеральный_округ
Нижегородская_область,2017,1026716,Приволжский_федеральный_округ
Нижегородская_область,2018,1089925,Приволжский_федеральный_округ
Нижегородская_область,2019,1202659,Приволжский_федеральный_округ
Нижегородская_область,2020,736713,Приволжский_федеральный_округ
Оренбургская_область,2013,373368,Приволжский_федеральный_округ
Оренбургская_область,2014,320941,Приволжский_федеральный_округ
Оренбургская_область,2015,357550,Приволжский_федеральный_округ
Оренбургская_область,2016,330197,Приволжский_федеральный_округ
Оренбургская_область,2017,358875,Приволжский_федеральный_округ
Оренбургская_область,2018,359477,Приволжский_федеральный_округ
Оренбургская_область,2019,391068,Приволжский_федеральный_округ
Оренбургская_область,2020,233121,Приволжский_федеральный_округ
Пензенская_область,2013,140434,Приволжский_федеральный_округ
Пензенская_область,2014,141116,Приволжский_федеральный_округ
Пензенская_область,2015,132274,Приволжский_федеральный_округ
Пензенская_область,2016,196050,Приволжский_федеральный_округ
Пензенская_область,2017,209347,Приволжский_федеральный_округ
Пензенская_область,2018,199857,Приволжский_федеральный_округ
Пензенская_область,2019,287954,Приволжский_федеральный_округ
Пензенская_область,2020,192225,Приволжский_федеральный_округ
Самарская_область,2013,640923,Приволжский_федеральный_округ
Самарская_область,2014,584977,Приволжский_федеральный_округ
Самарская_область,2015,621605,Приволжский_федеральный_округ
Самарская_область,2016,662449,Приволжский_федеральный_округ
Самарская_область,2017,840160,Приволжский_федеральный_округ
Самарская_область,2018,921230,Приволжский_федеральный_округ
Самарская_область,2019,969706,Приволжский_федеральный_округ
Самарская_область,2020,707173,Приволжский_федеральный_округ
Саратовская_область,2013,299709,Приволжский_федеральный_округ
Саратовская_область,2014,303813,Приволжский_федеральный_округ
Саратовская_область,2015,321642,Приволжский_федеральный_округ
Саратовская_область,2016,327174,Приволжский_федеральный_округ
Саратовская_область,2017,427594,Приволжский_федеральный_округ
Саратовская_область,2018,390622,Приволжский_федеральный_округ
Саратовская_область,2019,475744,Приволжский_федеральный_округ
Саратовская_область,2020,346214,Приволжский_федеральный_округ
Ульяновская_область,2013,205842,Приволжский_федеральный_округ
Ульяновская_область,2014,253636,Приволжский_федеральный_округ
Ульяновская_область,2015,215088,Приволжский_федеральный_округ
Ульяновская_область,2016,236821,Приволжский_федеральный_округ
Ульяновская_область,2017,306258,Приволжский_федеральный_округ
Ульяновская_область,2018,346141,Приволжский_федеральный_округ
Ульяновская_область,2019,386906,Приволжский_федеральный_округ
Ульяновская_область,2020,274385,Приволжский_федеральный_округ
Республика_Бурятия,2013,356151,Дальневосточный_федеральный_округ
Республика_Бурятия,2014,279058,Дальневосточный_федеральный_округ
Республика_Бурятия,2015,286285,Дальневосточный_федеральный_округ
Республика_Бурятия,2016,293846,Дальневосточный_федеральный_округ
Республика_Бурятия,2017,344831,Дальневосточный_федеральный_округ
Республика_Бурятия,2018,331290,Дальневосточный_федеральный_округ
Республика_Бурятия,2019,357694,Дальневосточный_федеральный_округ
Республика_Бурятия,2020,273183,Дальневосточный_федеральный_округ
Забайкальский_край,2013,238113,Дальневосточный_федеральный_округ
Забайкальский_край,2014,213591,Дальневосточный_федеральный_округ
Забайкальский_край,2015,191154,Дальневосточный_федеральный_округ
Забайкальский_край,2016,190973,Дальневосточный_федеральный_округ
Забайкальский_край,2017,196331,Дальневосточный_федеральный_округ
Забайкальский_край,2018,207514,Дальневосточный_федеральный_округ
Забайкальский_край,2019,238684,Дальневосточный_федеральный_округ
Забайкальский_край,2020,197675,Дальневосточный_федеральный_округ
Республика_Саха_(Якутия),2013,142061,Дальневосточный_федеральный_округ
Республика_Саха_(Якутия),2014,138455,Дальневосточный_федеральный_округ
Республика_Саха_(Якутия),2015,184429,Дальневосточный_федеральный_округ
Республика_Саха_(Якутия),2016,172717,Дальневосточный_федеральный_округ
Республика_Саха_(Якутия),2017,185919,Дальневосточный_федеральный_округ
Республика_Саха_(Якутия),2018,190123,Дальневосточный_федеральный_округ
Республика_Саха_(Якутия),2019,194039,Дальневосточный_федеральный_округ
Республика_Саха_(Якутия),2020,112309,Дальневосточный_федеральный_округ
Камчатский_край,2013,70468,Дальневосточный_федеральный_округ
Камчатский_край,2014,72966,Дальневосточный_федеральный_округ
Камчатский_край,2015,119869,Дальневосточный_федеральный_округ
Камчатский_край,2016,110376,Дальневосточный_федеральный_округ
Камчатский_край,2017,137475,Дальневосточный_федеральный_округ
Камчатский_край,2018,150017,Дальневосточный_федеральный_округ
Камчатский_край,2019,152574,Дальневосточный_федеральный_округ
Камчатский_край,2020,115956,Дальневосточный_федеральный_округ
Приморский_край,2013,496425,Дальневосточный_федеральный_округ
Приморский_край,2014,488305,Дальневосточный_федеральный_округ
Приморский_край,2015,813511,Дальневосточный_федеральный_округ
Приморский_край,2016,647010,Дальневосточный_федеральный_округ
Приморский_край,2017,807779,Дальневосточный_федеральный_округ
Приморский_край,2018,823640,Дальневосточный_федеральный_округ
Приморский_край,2019,925975,Дальневосточный_федеральный_округ
Приморский_край,2020,604055,Дальневосточный_федеральный_округ
Хабаровский_край,2013,384616,Дальневосточный_федеральный_округ
Хабаровский_край,2014,377369,Дальневосточный_федеральный_округ
Хабаровский_край,2015,458768,Дальневосточный_федеральный_округ
Хабаровский_край,2016,541830,Дальневосточный_федеральный_округ
Хабаровский_край,2017,537008,Дальневосточный_федеральный_округ
Хабаровский_край,2018,541450,Дальневосточный_федеральный_округ
Хабаровский_край,2019,571017,Дальневосточный_федеральный_округ
Хабаровский_край,2020,426116,Дальневосточный_федеральный_округ
Амурская_область,2013,249787,Дальневосточный_федеральный_округ
Амурская_область,2014,240721,Дальневосточный_федеральный_округ
Амурская_область,2015,217340,Дальневосточный_федеральный_округ
Амурская_область,2016,280753,Дальневосточный_федеральный_округ
Амурская_область,2017,329522,Дальневосточный_федеральный_округ
Амурская_область,2018,307593,Дальневосточный_федеральный_округ
Амурская_область,2019,309940,Дальневосточный_федеральный_округ
Амурская_область,2020,244300,Дальневосточный_федеральный_округ
Магаданская_область,2013,56264,Дальневосточный_федеральный_округ
Магаданская_область,2014,49493,Дальневосточный_федеральный_округ
Магаданская_область,2015,62495,Дальневосточный_федеральный_округ
Магаданская_область,2016,70395,Дальневосточный_федеральный_округ
Магаданская_область,2017,61591,Дальневосточный_федеральный_округ
Магаданская_область,2018,57192,Дальневосточный_федеральный_округ
Магаданская_область,2019,67293,Дальневосточный_федеральный_округ
Магаданская_область,2020,61126,Дальневосточный_федеральный_округ
Сахалинская_область,2013,159776,Дальневосточный_федеральный_округ
Сахалинская_область,2014,121254,Дальневосточный_федеральный_округ
Сахалинская_область,2015,133877,Дальневосточный_федеральный_округ
Сахалинская_область,2016,162501,Дальневосточный_федеральный_округ
Сахалинская_область,2017,246123,Дальневосточный_федеральный_округ
Сахалинская_область,2018,203009,Дальневосточный_федеральный_округ
Сахалинская_область,2019,228409,Дальневосточный_федеральный_округ
Сахалинская_область,2020,188127,Дальневосточный_федеральный_округ
Еврейская_автономная_область,2013,22743,Дальневосточный_федеральный_округ
Еврейская_автономная_область,2014,21247,Дальневосточный_федеральный_округ
Еврейская_автономная_область,2015,29013,Дальневосточный_федеральный_округ
Еврейская_автономная_область,2016,29024,Дальневосточный_федеральный_округ
Еврейская_автономная_область,2017,27862,Дальневосточный_федеральный_округ
Еврейская_автономная_область,2018,36153,Дальневосточный_федеральный_округ
Еврейская_автономная_область,2019,35217,Дальневосточный_федеральный_округ
Еврейская_автономная_область,2020,26292,Дальневосточный_федеральный_округ
Чукотский_автономный_округ,2013,26819,Дальневосточный_федеральный_округ
Чукотский_автономный_округ,2014,9099,Дальневосточный_федеральный_округ
Чукотский_автономный_округ,2015,9323,Дальневосточный_федеральный_округ
Чукотский_автономный_округ,2016,12607,Дальневосточный_федеральный_округ
Чукотский_автономный_округ,2017,17525,Дальневосточный_федеральный_округ
Чукотский_автономный_округ,2018,14387,Дальневосточный_федеральный_округ
Чукотский_автономный_округ,2019,27426,Дальневосточный_федеральный_округ
Чукотский_автономный_округ,2020,15582,Дальневосточный_федеральный_округ
Республика_Карелия,2013,227849,Северо-Западный_федеральный_округ
Республика_Карелия,2014,227977,Северо-Западный_федеральный_округ
Республика_Карелия,2015,363728,Северо-Западный_федеральный_округ
Республика_Карелия,2016,379400,Северо-Западный_федеральный_округ
Республика_Карелия,2017,375733,Северо-Западный_федеральный_округ
Республика_Карелия,2018,423362,Северо-Западный_федеральный_округ
Республика_Карелия,2019,435269,Северо-Западный_федеральный_округ
Республика_Карелия,2020,381268,Северо-Западный_федеральный_округ
Республика_Коми,2013,197646,Северо-Западный_федеральный_округ
Республика_Коми,2014,178117,Северо-Западный_федеральный_округ
Республика_Коми,2015,267678,Северо-Западный_федеральный_округ
Республика_Коми,2016,208080,Северо-Западный_федеральный_округ
Республика_Коми,2017,192978,Северо-Западный_федеральный_округ
Республика_Коми,2018,205996,Северо-Западный_федеральный_округ
Республика_Коми,2019,228144,Северо-Западный_федеральный_округ
Республика_Коми,2020,141619,Северо-Западный_федеральный_округ
Архангельская_область,2013,272495,Северо-Западный_федеральный_округ
Архангельская_область,2014,267464,Северо-Западный_федеральный_округ
Архангельская_область,2015,345218,Северо-Западный_федеральный_округ
Архангельская_область,2016,274946,Северо-Западный_федеральный_округ
Архангельская_область,2017,264861,Северо-Западный_федеральный_округ
Архангельская_область,2018,301721,Северо-Западный_федеральный_округ
Архангельская_область,2019,347028,Северо-Западный_федеральный_округ
Архангельская_область,2020,202365,Северо-Западный_федеральный_округ
Вологодская_область,2013,292970,Северо-Западный_федеральный_округ
Вологодская_область,2014,245110,Северо-Западный_федеральный_округ
Вологодская_область,2015,397641,Северо-Западный_федеральный_округ
Вологодская_область,2016,373975,Северо-Западный_федеральный_округ
Вологодская_область,2017,446296,Северо-Западный_федеральный_округ
Вологодская_область,2018,494268,Северо-Западный_федеральный_округ
Вологодская_область,2019,468083,Северо-Западный_федеральный_округ
Вологодская_область,2020,279338,Северо-Западный_федеральный_округ
Калининградская_область,2013,237906,Северо-Западный_федеральный_округ
Калининградская_область,2014,316951,Северо-Западный_федеральный_округ
Калининградская_область,2015,472314,Северо-Западный_федеральный_округ
Калининградская_область,2016,461203,Северо-Западный_федеральный_округ
Калининградская_область,2017,480654,Северо-Западный_федеральный_округ
Калининградская_область,2018,542617,Северо-Западный_федеральный_округ
Калининградская_область,2019,556336,Северо-Западный_федеральный_округ
Калининградская_область,2020,515481,Северо-Западный_федеральный_округ
Ленинградская_область,2013,333456,Северо-Западный_федеральный_округ
Ленинградская_область,2014,342545,Северо-Западный_федеральный_округ
Ленинградская_область,2015,585363,Северо-Западный_федеральный_округ
Ленинградская_область,2016,602858,Северо-Западный_федеральный_округ
Ленинградская_область,2017,682257,Северо-Западный_федеральный_округ
Ленинградская_область,2018,984720,Северо-Западный_федеральный_округ
Ленинградская_область,2019,1062413,Северо-Западный_федеральный_округ
Ленинградская_область,2020,953320,Северо-Западный_федеральный_округ
Мурманская_область,2013,186722,Северо-Западный_федеральный_округ
Мурманская_область,2014,177896,Северо-Западный_федеральный_округ
Мурманская_область,2015,199619,Северо-Западный_федеральный_округ
Мурманская_область,2016,214088,Северо-Западный_федеральный_округ
Мурманская_область,2017,266049,Северо-Западный_федеральный_округ
Мурманская_область,2018,261983,Северо-Западный_федеральный_округ
Мурманская_область,2019,263791,Северо-Западный_федеральный_округ
Мурманская_область,2020,226461,Северо-Западный_федеральный_округ
Новгородская_область,2013,251800,Северо-Западный_федеральный_округ
Новгородская_область,2014,271156,Северо-Западный_федеральный_округ
Новгородская_область,2015,317676,Северо-Западный_федеральный_округ
Новгородская_область,2016,281325,Северо-Западный_федеральный_округ
Новгородская_область,2017,279157,Северо-Западный_федеральный_округ
Новгородская_область,2018,296426,Северо-Западный_федеральный_округ
Новгородская_область,2019,305769,Северо-Западный_федеральный_округ
Новгородская_область,2020,247082,Северо-Западный_федеральный_округ
Псковская_область,2013,247284,Северо-Западный_федеральный_округ
Псковская_область,2014,241853,Северо-Западный_федеральный_округ
Псковская_область,2015,342136,Северо-Западный_федеральный_округ
Псковская_область,2016,317753,Северо-Западный_федеральный_округ
Псковская_область,2017,346777,Северо-Западный_федеральный_округ
Псковская_область,2018,340843,Северо-Западный_федеральный_округ
Псковская_область,2019,387777,Северо-Западный_федеральный_округ
Псковская_область,2020,249348,Северо-Западный_федеральный_округ
Город_Санкт-Петербург_город_федерального_значения,2013,1803787,Северо-Западный_федеральный_округ
Город_Санкт-Петербург_город_федерального_значения,2014,1940062,Северо-Западный_федеральный_округ
Город_Санкт-Петербург_город_федерального_значения,2015,2123762,Северо-Западный_федеральный_округ
Город_Санкт-Петербург_город_федерального_значения,2016,2498059,Северо-Западный_федеральный_округ
Город_Санкт-Петербург_город_федерального_значения,2017,3576994,Северо-Западный_федеральный_округ
Город_Санкт-Петербург_город_федерального_значения,2018,3897736,Северо-Западный_федеральный_округ
Город_Санкт-Петербург_город_федерального_значения,2019,3835825,Северо-Западный_федеральный_округ
Город_Санкт-Петербург_город_федерального_значения,2020,2777133,Северо-Западный_федеральный_округ
Республика_Алтай,2013,95073,Сибирский_федеральный_округ
Республика_Алтай,2014,84782,Сибирский_федеральный_округ
Республика_Алтай,2015,179084,Сибирский_федеральный_округ
Республика_Алтай,2016,205684,Сибирский_федеральный_округ
Республика_Алтай,2017,161996,Сибирский_федеральный_округ
Республика_Алтай,2018,196375,Сибирский_федеральный_округ
Республика_Алтай,2019,222695,Сибирский_федеральный_округ
Республика_Алтай,2020,148843,Сибирский_федеральный_округ
Республика_Тыва,2013,56894,Сибирский_федеральный_округ
Республика_Тыва,2014,42334,Сибирский_федеральный_округ
Республика_Тыва,2015,34357,Сибирский_федеральный_округ
Республика_Тыва,2016,30764,Сибирский_федеральный_округ
Республика_Тыва,2017,34919,Сибирский_федеральный_округ
Республика_Тыва,2018,35847,Сибирский_федеральный_округ
Республика_Тыва,2019,39461,Сибирский_федеральный_округ
Республика_Тыва,2020,34138,Сибирский_федеральный_округ
Республика_Хакасия,2013,80769,Сибирский_федеральный_округ
Республика_Хакасия,2014,106046,Сибирский_федеральный_округ
Республика_Хакасия,2015,153783,Сибирский_федеральный_округ
Республика_Хакасия,2016,97117,Сибирский_федеральный_округ
Республика_Хакасия,2017,110909,Сибирский_федеральный_округ
Республика_Хакасия,2018,164336,Сибирский_федеральный_округ
Республика_Хакасия,2019,184141,Сибирский_федеральный_округ
Республика_Хакасия,2020,107791,Сибирский_федеральный_округ
Алтайский_край,2013,487829,Сибирский_федеральный_округ
Алтайский_край,2014,468961,Сибирский_федеральный_округ
Алтайский_край,2015,632491,Сибирский_федеральный_округ
Алтайский_край,2016,590815,Сибирский_федеральный_округ
Алтайский_край,2017,674794,Сибирский_федеральный_округ
Алтайский_край,2018,668879,Сибирский_федеральный_округ
Алтайский_край,2019,702795,Сибирский_федеральный_округ
Алтайский_край,2020,488886,Сибирский_федеральный_округ
Красноярский_край,2013,505379,Сибирский_федеральный_округ
Красноярский_край,2014,480086,Сибирский_федеральный_округ
Красноярский_край,2015,586100,Сибирский_федеральный_округ
Красноярский_край,2016,646121,Сибирский_федеральный_округ
Красноярский_край,2017,611077,Сибирский_федеральный_округ
Красноярский_край,2018,730691,Сибирский_федеральный_округ
Красноярский_край,2019,808051,Сибирский_федеральный_округ
Красноярский_край,2020,527792,Сибирский_федеральный_округ
Иркутская_область,2013,543399,Сибирский_федеральный_округ
Иркутская_область,2014,514209,Сибирский_федеральный_округ
Иркутская_область,2015,848572,Сибирский_федеральный_округ
Иркутская_область,2016,597252,Сибирский_федеральный_округ
Иркутская_область,2017,631240,Сибирский_федеральный_округ
Иркутская_область,2018,724369,Сибирский_федеральный_округ
Иркутская_область,2019,734632,Сибирский_федеральный_округ
Иркутская_область,2020,555303,Сибирский_федеральный_округ
Кемеровская_область_-_Кузбасс,2013,328680,Сибирский_федеральный_округ
Кемеровская_область_-_Кузбасс,2014,286467,Сибирский_федеральный_округ
Кемеровская_область_-_Кузбасс,2015,476931,Сибирский_федеральный_округ
Кемеровская_область_-_Кузбасс,2016,429060,Сибирский_федеральный_округ
Кемеровская_область_-_Кузбасс,2017,540580,Сибирский_федеральный_округ
Кемеровская_область_-_Кузбасс,2018,572009,Сибирский_федеральный_округ
Кемеровская_область_-_Кузбасс,2019,572291,Сибирский_федеральный_округ
Кемеровская_область_-_Кузбасс,2020,384330,Сибирский_федеральный_округ
Новосибирская_область,2013,621040,Сибирский_федеральный_округ
Новосибирская_область,2014,547620,Сибирский_федеральный_округ
Новосибирская_область,2015,527659,Сибирский_федеральный_округ
Новосибирская_область,2016,716153,Сибирский_федеральный_округ
Новосибирская_область,2017,822552,Сибирский_федеральный_округ
Новосибирская_область,2018,983053,Сибирский_федеральный_округ
Новосибирская_область,2019,1029796,Сибирский_федеральный_округ
Новосибирская_область,2020,763383,Сибирский_федеральный_округ
Омская_область,2013,403825,Сибирский_федеральный_округ
Омская_область,2014,372114,Сибирский_федеральный_округ
Омская_область,2015,460334,Сибирский_федеральный_округ
Омская_область,2016,338313,Сибирский_федеральный_округ
Омская_область,2017,492668,Сибирский_федеральный_округ
Омская_область,2018,518953,Сибирский_федеральный_округ
Омская_область,2019,479148,Сибирский_федеральный_округ
Омская_область,2020,325446,Сибирский_федеральный_округ
Томская_область,2013,150172,Сибирский_федеральный_округ
Томская_область,2014,124539,Сибирский_федеральный_округ
Томская_область,2015,108208,Сибирский_федеральный_округ
Томская_область,2016,212906,Сибирский_федеральный_округ
Томская_область,2017,211785,Сибирский_федеральный_округ
Томская_область,2018,236656,Сибирский_федеральный_округ
Томская_область,2019,219876,Сибирский_федеральный_округ
Томская_область,2020,122232,Сибирский_федеральный_округ
Республика_Адыгея_(Адыгея),2013,45954,Южный_федеральный_округ
Республика_Адыгея_(Адыгея),2014,45141,Южный_федеральный_округ
Республика_Адыгея_(Адыгея),2015,80940,Южный_федеральный_округ
Республика_Адыгея_(Адыгея),2016,90657,Южный_федеральный_округ
Республика_Адыгея_(Адыгея),2017,107356,Южный_федеральный_округ
Республика_Адыгея_(Адыгея),2018,114400,Южный_федеральный_округ
Республика_Адыгея_(Адыгея),2019,142392,Южный_федеральный_округ
Республика_Адыгея_(Адыгея),2020,111142,Южный_федеральный_округ
Республика_Калмыкия,2013,35523,Южный_федеральный_округ
Республика_Калмыкия,2014,29971,Южный_федеральный_округ
Республика_Калмыкия,2015,36985,Южный_федеральный_округ
Республика_Калмыкия,2016,30713,Южный_федеральный_округ
Республика_Калмыкия,2017,33816,Южный_федеральный_округ
Республика_Калмыкия,2018,38307,Южный_федеральный_округ
Республика_Калмыкия,2019,43248,Южный_федеральный_округ
Республика_Калмыкия,2020,25586,Южный_федеральный_округ
Республика_Крым,2014,412769,Южный_федеральный_округ
Республика_Крым,2015,1535144,Южный_федеральный_округ
Республика_Крым,2016,1624852,Южный_федеральный_округ
Республика_Крым,2017,1528210,Южный_федеральный_округ
Республика_Крым,2018,2028971,Южный_федеральный_округ
Республика_Крым,2019,2308769,Южный_федеральный_округ
Республика_Крым,2020,1915709,Южный_федеральный_округ
Краснодарский_край,2013,2463215,Южный_федеральный_округ
Краснодарский_край,2014,3649006,Южный_федеральный_округ
Краснодарский_край,2015,5233471,Южный_федеральный_округ
Краснодарский_край,2016,5662608,Южный_федеральный_округ
Краснодарский_край,2017,6451412,Южный_федеральный_округ
Краснодарский_край,2018,7820963,Южный_федеральный_округ
Краснодарский_край,2019,8069907,Южный_федеральный_округ
Краснодарский_край,2020,6221507,Южный_федеральный_округ
Астраханская_область,2013,168793,Южный_федеральный_округ
Астраханская_область,2014,155208,Южный_федеральный_округ
Астраханская_область,2015,191342,Южный_федеральный_округ
Астраханская_область,2016,247334,Южный_федеральный_округ
Астраханская_область,2017,251689,Южный_федеральный_округ
Астраханская_область,2018,222970,Южный_федеральный_округ
Астраханская_область,2019,248304,Южный_федеральный_округ
Астраханская_область,2020,196652,Южный_федеральный_округ
Волгоградская_область,2013,332153,Южный_федеральный_округ
Волгоградская_область,2014,291166,Южный_федеральный_округ
Волгоградская_область,2015,482816,Южный_федеральный_округ
Волгоградская_область,2016,556985,Южный_федеральный_округ
Волгоградская_область,2017,590387,Южный_федеральный_округ
Волгоградская_область,2018,691657,Южный_федеральный_округ
Волгоградская_область,2019,686303,Южный_федеральный_округ
Волгоградская_область,2020,484108,Южный_федеральный_округ
Ростовская_область,2013,635907,Южный_федеральный_округ
Ростовская_область,2014,638903,Южный_федеральный_округ
Ростовская_область,2015,821281,Южный_федеральный_округ
Ростовская_область,2016,869140,Южный_федеральный_округ
Ростовская_область,2017,1023404,Южный_федеральный_округ
Ростовская_область,2018,1111305,Южный_федеральный_округ
Ростовская_область,2019,1198098,Южный_федеральный_округ
Ростовская_область,2020,814743,Южный_федеральный_округ
Город_федерального_значения_Севастополь,2014,29348,Южный_федеральный_округ
Город_федерального_значения_Севастополь,2015,289980,Южный_федеральный_округ
Город_федерального_значения_Севастополь,2016,122475,Южный_федеральный_округ
Город_федерального_значения_Севастополь,2017,174043,Южный_федеральный_округ
Город_федерального_значения_Севастополь,2018,162477,Южный_федеральный_округ
Город_федерального_значения_Севастополь,2019,232172,Южный_федеральный_округ
Город_федерального_значения_Севастополь,2020,152438,Южный_федеральный_округ
Республика_Дагестан,2013,79056,Северо-Кавказский_федеральный_округ
Республика_Дагестан,2014,69045,Северо-Кавказский_федеральный_округ
Республика_Дагестан,2015,127974,Северо-Кавказский_федеральный_округ
Республика_Дагестан,2016,138322,Северо-Кавказский_федеральный_округ
Республика_Дагестан,2017,113574,Северо-Кавказский_федеральный_округ
Республика_Дагестан,2018,184140,Северо-Кавказский_федеральный_округ
Республика_Дагестан,2019,165050,Северо-Кавказский_федеральный_округ
Республика_Дагестан,2020,122251,Северо-Кавказский_федеральный_округ
Республика_Ингушетия,2013,5635,Северо-Кавказский_федеральный_округ
Республика_Ингушетия,2014,8503,Северо-Кавказский_федеральный_округ
Республика_Ингушетия,2015,3095,Северо-Кавказский_федеральный_округ
Республика_Ингушетия,2016,2590,Северо-Кавказский_федеральный_округ
Республика_Ингушетия,2017,7025,Северо-Кавказский_федеральный_округ
Республика_Ингушетия,2018,10013,Северо-Кавказский_федеральный_округ
Республика_Ингушетия,2019,8192,Северо-Кавказский_федеральный_округ
Республика_Ингушетия,2020,12927,Северо-Кавказский_федеральный_округ
Кабардино-Балкарская_Республика,2013,85479,Северо-Кавказский_федеральный_округ
Кабардино-Балкарская_Республика,2014,87515,Северо-Кавказский_федеральный_округ
Кабардино-Балкарская_Республика,2015,101242,Северо-Кавказский_федеральный_округ
Кабардино-Балкарская_Республика,2016,104597,Северо-Кавказский_федеральный_округ
Кабардино-Балкарская_Республика,2017,117359,Северо-Кавказский_федеральный_округ
Кабардино-Балкарская_Республика,2018,120446,Северо-Кавказский_федеральный_округ
Кабардино-Балкарская_Республика,2019,153661,Северо-Кавказский_федеральный_округ
Кабардино-Балкарская_Республика,2020,91592,Северо-Кавказский_федеральный_округ
Карачаево-Черкесская_Республика,2013,86015,Северо-Кавказский_федеральный_округ
Карачаево-Черкесская_Республика,2014,101571,Северо-Кавказский_федеральный_округ
Карачаево-Черкесская_Республика,2015,189108,Северо-Кавказский_федеральный_округ
Карачаево-Черкесская_Республика,2016,113709,Северо-Кавказский_федеральный_округ
Карачаево-Черкесская_Республика,2017,99077,Северо-Кавказский_федеральный_округ
Карачаево-Черкесская_Республика,2018,102053,Северо-Кавказский_федеральный_округ
Карачаево-Черкесская_Республика,2019,103978,Северо-Кавказский_федеральный_округ
Карачаево-Черкесская_Республика,2020,89172,Северо-Кавказский_федеральный_округ
Республика_Северная_Осетия-Алания,2013,52124,Северо-Кавказский_федеральный_округ
Республика_Северная_Осетия-Алания,2014,43268,Северо-Кавказский_федеральный_округ
Республика_Северная_Осетия-Алания,2015,48216,Северо-Кавказский_федеральный_округ
Республика_Северная_Осетия-Алания,2016,40909,Северо-Кавказский_федеральный_округ
Республика_Северная_Осетия-Алания,2017,51269,Северо-Кавказский_федеральный_округ
Республика_Северная_Осетия-Алания,2018,67939,Северо-Кавказский_федеральный_округ
Республика_Северная_Осетия-Алания,2019,83729,Северо-Кавказский_федеральный_округ
Республика_Северная_Осетия-Алания,2020,88159,Северо-Кавказский_федеральный_округ
Чеченская_Республика,2013,24290,Северо-Кавказский_федеральный_округ
Чеченская_Республика,2014,33772,Северо-Кавказский_федеральный_округ
Чеченская_Республика,2015,29427,Северо-Кавказский_федеральный_округ
Чеченская_Республика,2016,30574,Северо-Кавказский_федеральный_округ
Чеченская_Республика,2017,46914,Северо-Кавказский_федеральный_округ
Чеченская_Республика,2018,65546,Северо-Кавказский_федеральный_округ
Чеченская_Республика,2019,92303,Северо-Кавказский_федеральный_округ
Чеченская_Республика,2020,110950,Северо-Кавказский_федеральный_округ
Ставропольский_край,2013,769880,Северо-Кавказский_федеральный_округ
Ставропольский_край,2014,803073,Северо-Кавказский_федеральный_округ
Ставропольский_край,2015,804135,Северо-Кавказский_федеральный_округ
Ставропольский_край,2016,937818,Северо-Кавказский_федеральный_округ
Ставропольский_край,2017,957362,Северо-Кавказский_федеральный_округ
Ставропольский_край,2018,1034314,Северо-Кавказский_федеральный_округ
Ставропольский_край,2019,1071168,Северо-Кавказский_федеральный_округ
Ставропольский_край,2020,653447,Северо-Кавказский_федеральный_округ
Курганская_область,2013,109888,Уральский_федеральный_округ
Курганская_область,2014,118438,Уральский_федеральный_округ
Курганская_область,2015,145694,Уральский_федеральный_округ
Курганская_область,2016,160322,Уральский_федеральный_округ
Курганская_область,2017,137593,Уральский_федеральный_округ
Курганская_область,2018,152237,Уральский_федеральный_округ
Курганская_область,2019,170119,Уральский_федеральный_округ
Курганская_область,2020,113684,Уральский_федеральный_округ
Свердловская_область,2013,1058090,Уральский_федеральный_округ
Свердловская_область,2014,981899,Уральский_федеральный_округ
Свердловская_область,2015,1079998,Уральский_федеральный_округ
Свердловская_область,2016,1233451,Уральский_федеральный_округ
Свердловская_область,2017,1241309,Уральский_федеральный_округ
Свердловская_область,2018,1417732,Уральский_федеральный_округ
Свердловская_область,2019,1532558,Уральский_федеральный_округ
Свердловская_область,2020,952364,Уральский_федеральный_округ
Тюменская_область,2013,1104715,Уральский_федеральный_округ
Тюменская_область,2014,949882,Уральский_федеральный_округ
Тюменская_область,2015,1028870,Уральский_федеральный_округ
Тюменская_область,2016,1202008,Уральский_федеральный_округ
Тюменская_область,2017,1359769,Уральский_федеральный_округ
Тюменская_область,2018,1505337,Уральский_федеральный_округ
Тюменская_область,2019,1624451,Уральский_федеральный_округ
Тюменская_область,2020,1079325,Уральский_федеральный_округ
Челябинская_область,2013,706494,Уральский_федеральный_округ
Челябинская_область,2014,734169,Уральский_федеральный_округ
Челябинская_область,2015,800018,Уральский_федеральный_округ
Челябинская_область,2016,786224,Уральский_федеральный_округ
Челябинская_область,2017,900578,Уральский_федеральный_округ
Челябинская_область,2018,954046,Уральский_федеральный_округ
Челябинская_область,2019,964738,Уральский_федеральный_округ
Челябинская_область,2020,657918,Уральский_федеральный_округ