,Область,Округ,Год,Кол-во
0,        Белгородская область,Центральный федеральный округ,2013,156801
1,        Брянская область,Центральный федеральный округ,2013,113056
2,        Владимирская область,Центральный федеральный округ,2013,357276
3,        Воронежская область,Центральный федеральный округ,2013,247380
4,        Ивановская область,Центральный федеральный округ,2013,182692
5,        Калужская область,Центральный федеральный округ,2013,319802
6,        Костромская область,Центральный федеральный округ,2013,184474
7,        Курская область,Центральный федеральный округ,2013,118218
8,        Липецкая область,Центральный федеральный округ,2013,131758
9,        Московская область,Центральный федеральный округ,2013,2580539
10,        Орловская область,Центральный федеральный округ,2013,115229
11,        Рязанская область,Центральный федеральный округ,2013,189005
12,        Смоленская область,Центральный федеральный округ,2013,164103
13,        Тамбовская область,Центральный федеральный округ,2013,99045
14,        Тверская область,Центральный федеральный округ,2013,321588
15,        Тульская область,Центральный федеральный округ,2013,208619
16,        Ярославская область,Центральный федеральный округ,2013,381601
17,        Город Москва столица Российской Федерации город федерального значения,Центральный федеральный округ,2013,3547083
18,        Республика Карелия,Северо-Западный федеральный округ,2013,227849
19,        Республика Коми,Северо-Западный федеральный округ,2013,197646
20,        Архангельская область,Северо-Западный федеральный округ,2013,272495
21,        Вологодская область,Северо-Западный федеральный округ,2013,292970
22,        Калининградская область,Северо-Западный федеральный округ,2013,237906
23,        Ленинградская область,Северо-Западный федеральный округ,2013,333456
24,        Мурманская область,Северо-Западный федеральный округ,2013,186722
25,        Новгородская область,Северо-Западный федеральный округ,2013,251800
26,        Псковская область,Северо-Западный федеральный округ,2013,247284
27,        Город Санкт-Петербург город федерального значения,Северо-Западный федеральный округ,2013,1803787
28,        Республика Адыгея (Адыгея),Южный федеральный округ,2013,45954
29,        Республика Калмыкия,Южный федеральный округ,2013,35523
30,        Республика Крым,Южный федеральный округ,2013,
31,        Краснодарский край,Южный федеральный округ,2013,2463215
32,        Астраханская область,Южный федеральный округ,2013,168793
33,        Волгоградская область,Южный федеральный округ,2013,332153
34,        Ростовская область,Южный федеральный округ,2013,635907
35,        Город федерального значения Севастополь,Южный федеральный округ,2013,
36,        Республика Дагестан,Северо-Кавказский федеральный округ,2013,79056
37,        Республика Ингушетия,Северо-Кавказский федеральный округ,2013,5635
38,        Кабардино-Балкарская Республика,Северо-Кавказский федеральный округ,2013,85479
39,        Карачаево-Черкесская Республика,Северо-Кавказский федеральный округ,2013,86015
40,        Республика Северная Осетия-Алания,Северо-Кавказский федеральный округ,2013,52124
41,        Чеченская Республика,Северо-Кавказский федеральный округ,2013,24290
42,        Ставропольский край,Северо-Кавказский федеральный округ,2013,769880
43,        Республика Башкортостан,Приволжский федеральный округ,2013,864008
44,        Республика Марий Эл,Приволжский федеральный округ,2013,100859
45,        Республика Мордовия,Приволжский федеральный округ,2013,91878
46,        Республика Татарстан (Татарстан),Приволжский федеральный округ,2013,1271662
47,        Удмуртская Республика,Приволжский федеральный округ,2013,260810
48,        Чувашская Республика - Чувашия,Приволжский федеральный округ,2013,202368
49,        Пермский край,Приволжский федеральный округ,2013,481622
50,        Кировская область,Приволжский федеральный округ,2013,205141
51,        Нижегородская область,Приволжский федеральный округ,2013,712278
52,        Оренбургская область,Приволжский федеральный округ,2013,373368
53,        Пензенская область,Приволжский федеральный округ,2013,140434
54,        Самарская область,Приволжский федеральный округ,2013,640923
55,        Саратовская область,Приволжский федеральный округ,2013,299709
56,        Ульяновская область,Приволжский федеральный округ,2013,205842
57,        Курганская область,Уральский федеральный округ,2013,109888
58,        Свердловская область,Уральский федеральный округ,2013,1058090
59,        Тюменская область,Уральский федеральный округ,2013,1104715
60,        Челябинская область,Уральский федеральный округ,2013,706494
61,        Республика Алтай,Сибирский федеральный округ,2013,95073
62,        Республика Тыва,Сибирский федеральный округ,2013,56894
63,        Республика Хакасия,Сибирский федеральный округ,2013,80769
64,        Алтайский край,Сибирский федеральный округ,2013,487829
65,        Красноярский край,Сибирский федеральный округ,2013,505379
66,        Иркутская область,Сибирский федеральный округ,2013,543399
67,        Кемеровская область - Кузбасс,Сибирский федеральный округ,2013,328680
68,        Новосибирская область,Сибирский федеральный округ,2013,621040
69,        Омская область,Сибирский федеральный округ,2013,403825
70,        Томская область,Сибирский федеральный округ,2013,150172
71,        Республика Бурятия,Дальневосточный федеральный округ,2013,356151
72,        Забайкальский край,Дальневосточный федеральный округ,2013,238113
73,        Республика Саха (Якутия),Дальневосточный федеральный округ,2013,142061
74,        Камчатский край,Дальневосточный федеральный округ,2013,70468
75,        Приморский край,Дальневосточный федеральный округ,2013,496425
76,        Хабаровский край,Дальневосточный федеральный округ,2013,384616
77,        Амурская область,Дальневосточный федеральный округ,2013,249787
78,        Магаданская область,Дальневосточный федеральный округ,2013,56264
79,        Сахалинская область,Дальневосточный федеральный округ,2013,159776
80,        Еврейская автономная область,Дальневосточный федеральный округ,2013,22743
81,        Чукотский автономный округ,Дальневосточный федеральный округ,2013,26819
82,        Белгородская область,Центральный федеральный округ,2014,171668
83,        Брянская область,Центральный федеральный округ,2014,125824
84,        Владимирская область,Центральный федеральный округ,2014,344029
85,        Воронежская область,Центральный федеральный округ,2014,281883
86,        Ивановская область,Центральный федеральный округ,2014,214084
87,        Калужская область,Центральный федеральный округ,2014,364022
88,        Костромская область,Центральный федеральный округ,2014,170768
89,        Курская область,Центральный федеральный округ,2014,106655
90,        Липецкая область,Центральный федеральный округ,2014,132240
91,        Московская область,Центральный федеральный округ,2014,2448176
92,        Орловская область,Центральный федеральный округ,2014,113930
93,        Рязанская область,Центральный федеральный округ,2014,194162
94,        Смоленская область,Центральный федеральный округ,2014,171004
95,        Тамбовская область,Центральный федеральный округ,2014,109036
96,        Тверская область,Центральный федеральный округ,2014,311499
97,        Тульская область,Центральный федеральный округ,2014,236478
98,        Ярославская область,Центральный федеральный округ,2014,396524
99,        Город Москва столица Российской Федерации город федерального значения,Центральный федеральный округ,2014,3768943
100,        Республика Карелия,Северо-Западный федеральный округ,2014,227977
101,        Республика Коми,Северо-Западный федеральный округ,2014,178117
102,        Архангельская область,Северо-Западный федеральный округ,2014,267464
103,        Вологодская область,Северо-Западный федеральный округ,2014,245110
104,        Калининградская область,Северо-Западный федеральный округ,2014,316951
105,        Ленинградская область,Северо-Западный федеральный округ,2014,342545
106,        Мурманская область,Северо-Западный федеральный округ,2014,177896
107,        Новгородская область,Северо-Западный федеральный округ,2014,271156
108,        Псковская область,Северо-Западный федеральный округ,2014,241853
109,        Город Санкт-Петербург город федерального значения,Северо-Западный федеральный округ,2014,1940062
110,        Республика Адыгея (Адыгея),Южный федеральный округ,2014,45141
111,        Республика Калмыкия,Южный федеральный округ,2014,29971
112,        Республика Крым,Южный федеральный округ,2014,412769
113,        Краснодарский край,Южный федеральный округ,2014,3649006
114,        Астраханская область,Южный федеральный округ,2014,155208
115,        Волгоградская область,Южный федеральный округ,2014,291166
116,        Ростовская область,Южный федеральный округ,2014,638903
117,        Город федерального значения Севастополь,Южный федеральный округ,2014,29348
118,        Республика Дагестан,Северо-Кавказский федеральный округ,2014,69045
119,        Республика Ингушетия,Северо-Кавказский федеральный округ,2014,8503
120,        Кабардино-Балкарская Республика,Северо-Кавказский федеральный округ,2014,87515
121,        Карачаево-Черкесская Республика,Северо-Кавказский федеральный округ,2014,101571
122,        Республика Северная Осетия-Алания,Северо-Кавказский федеральный округ,2014,43268
123,        Чеченская Республика,Северо-Кавказский федеральный округ,2014,33772
124,        Ставропольский край,Северо-Кавказский федеральный округ,2014,803073
125,        Республика Башкортостан,Приволжский федеральный округ,2014,808038
126,        Республика Марий Эл,Приволжский федеральный округ,2014,88486
127,        Республика Мордовия,Приволжский федеральный округ,2014,95001
128,        Республика Татарстан (Татарстан),Приволжский федеральный округ,2014,1256589
129,        Удмуртская Республика,Приволжский федеральный округ,2014,254353
130,        Чувашская Республика - Чувашия,Приволжский федеральный округ,2014,193239
131,        Пермский край,Приволжский федеральный округ,2014,435955
132,        Кировская область,Приволжский федеральный округ,2014,204661
133,        Нижегородская область,Приволжский федеральный округ,2014,766299
134,        Оренбургская область,Приволжский федеральный округ,2014,320941
135,        Пензенская область,Приволжский федеральный округ,2014,141116
136,        Самарская область,Приволжский федеральный округ,2014,584977
137,        Саратовская область,Приволжский федеральный округ,2014,303813
138,        Ульяновская область,Приволжский федеральный округ,2014,253636
139,        Курганская область,Уральский федеральный округ,2014,118438
140,        Свердловская область,Уральский федеральный округ,2014,981899
141,        Тюменская область,Уральский федеральный округ,2014,949882
142,        Челябинская область,Уральский федеральный округ,2014,734169
143,        Республика Алтай,Сибирский федеральный округ,2014,84782
144,        Республика Тыва,Сибирский федеральный округ,2014,42334
145,        Республика Хакасия,Сибирский федеральный округ,2014,106046
146,        Алтайский край,Сибирский федеральный округ,2014,468961
147,        Красноярский край,Сибирский федеральный округ,2014,480086
148,        Иркутская область,Сибирский федеральный округ,2014,514209
149,        Кемеровская область - Кузбасс,Сибирский федеральный округ,2014,286467
150,        Новосибирская область,Сибирский федеральный округ,2014,547620
151,        Омская область,Сибирский федеральный округ,2014,372114
152,        Томская область,Сибирский федеральный округ,2014,124539
153,        Республика Бурятия,Дальневосточный федеральный округ,2014,279058
154,        Забайкальский край,Дальневосточный федеральный округ,2014,213591
155,        Республика Саха (Якутия),Дальневосточный федеральный округ,2014,138455
156,        Камчатский край,Дальневосточный федеральный округ,2014,72966
157,        Приморский край,Дальневосточный федеральный округ,2014,488305
158,        Хабаровский край,Дальневосточный федеральный округ,2014,377369
159,        Амурская область,Дальневосточный федеральный округ,2014,240721
160,        Магаданская область,Дальневосточный федеральный округ,2014,49493
161,        Сахалинская область,Дальневосточный федеральный округ,2014,121254
162,        Еврейская автономная область,Дальневосточный федеральный округ,2014,21247
163,        Чукотский автономный округ,Дальневосточный федеральный округ,2014,9099
164,        Белгородская область,Центральный федеральный округ,2015,151471
165,        Брянская область,Центральный федеральный округ,2015,139264
166,        Владимирская область,Центральный федеральный округ,2015,535697
167,        Воронежская область,Центральный федеральный округ,2015,497173
168,        Ивановская область,Центральный федеральный округ,2015,222268
169,        Калужская область,Центральный федеральный округ,2015,490608
170,        Костромская область,Центральный федеральный округ,2015,147013
171,        Курская область,Центральный федеральный округ,2015,187121
172,        Липецкая область,Центральный федеральный округ,2015,145296
173,        Московская область,Центральный федеральный округ,2015,3704624
174,        Орловская область,Центральный федеральный округ,2015,103077
175,        Рязанская область,Центральный федеральный округ,2015,248128
176,        Смоленская область,Центральный федеральный округ,2015,169199
177,        Тамбовская область,Центральный федеральный округ,2015,166698
178,        Тверская область,Центральный федеральный округ,2015,352042
179,        Тульская область,Центральный федеральный округ,2015,250961
180,        Ярославская область,Центральный федеральный округ,2015,633984
181,        Город Москва столица Российской Федерации город федерального значения,Центральный федеральный округ,2015,3776752
182,        Республика Карелия,Северо-Западный федеральный округ,2015,363728
183,        Республика Коми,Северо-Западный федеральный округ,2015,267678
184,        Архангельская область,Северо-Западный федеральный округ,2015,345218
185,        Вологодская область,Северо-Западный федеральный округ,2015,397641
186,        Калининградская область,Северо-Западный федеральный округ,2015,472314
187,        Ленинградская область,Северо-Западный федеральный округ,2015,585363
188,        Мурманская область,Северо-Западный федеральный округ,2015,199619
189,        Новгородская область,Северо-Западный федеральный округ,2015,317676
190,        Псковская область,Северо-Западный федеральный округ,2015,342136
191,        Город Санкт-Петербург город федерального значения,Северо-Западный федеральный округ,2015,2123762
192,        Республика Адыгея (Адыгея),Южный федеральный округ,2015,80940
193,        Республика Калмыкия,Южный федеральный округ,2015,36985
194,        Республика Крым,Южный федеральный округ,2015,1535144
195,        Краснодарский край,Южный федеральный округ,2015,5233471
196,        Астраханская область,Южный федеральный округ,2015,191342
197,        Волгоградская область,Южный федеральный округ,2015,482816
198,        Ростовская область,Южный федеральный округ,2015,821281
199,        Город федерального значения Севастополь,Южный федеральный округ,2015,289980
200,        Республика Дагестан,Северо-Кавказский федеральный округ,2015,127974
201,        Республика Ингушетия,Северо-Кавказский федеральный округ,2015,3095
202,        Кабардино-Балкарская Республика,Северо-Кавказский федеральный округ,2015,101242
203,        Карачаево-Черкесская Республика,Северо-Кавказский федеральный округ,2015,189108
204,        Республика Северная Осетия-Алания,Северо-Кавказский федеральный округ,2015,48216
205,        Чеченская Республика,Северо-Кавказский федеральный округ,2015,29427
206,        Ставропольский край,Северо-Кавказский федеральный округ,2015,804135
207,        Республика Башкортостан,Приволжский федеральный округ,2015,843985
208,        Республика Марий Эл,Приволжский федеральный округ,2015,109511
209,        Республика Мордовия,Приволжский федеральный округ,2015,98683
210,        Республика Татарстан (Татарстан),Приволжский федеральный округ,2015,1680475
211,        Удмуртская Республика,Приволжский федеральный округ,2015,258995
212,        Чувашская Республика - Чувашия,Приволжский федеральный округ,2015,231376
213,        Пермский край,Приволжский федеральный округ,2015,614237
214,        Кировская область,Приволжский федеральный округ,2015,244637
215,        Нижегородская область,Приволжский федеральный округ,2015,1047010
216,        Оренбургская область,Приволжский федеральный округ,2015,357550
217,        Пензенская область,Приволжский федеральный округ,2015,132274
218,        Самарская область,Приволжский федеральный округ,2015,621605
219,        Саратовская область,Приволжский федеральный округ,2015,321642
220,        Ульяновская область,Приволжский федеральный округ,2015,215088
221,        Курганская область,Уральский федеральный округ,2015,145694
222,        Свердловская область,Уральский федеральный округ,2015,1079998
223,        Тюменская область,Уральский федеральный округ,2015,1028870
224,        Челябинская область,Уральский федеральный округ,2015,800018
225,        Республика Алтай,Сибирский федеральный округ,2015,179084
226,        Республика Тыва,Сибирский федеральный округ,2015,34357
227,        Республика Хакасия,Сибирский федеральный округ,2015,153783
228,        Алтайский край,Сибирский федеральный округ,2015,632491
229,        Красноярский край,Сибирский федеральный округ,2015,586100
230,        Иркутская область,Сибирский федеральный округ,2015,848572
231,        Кемеровская область - Кузбасс,Сибирский федеральный округ,2015,476931
232,        Новосибирская область,Сибирский федеральный округ,2015,527659
233,        Омская область,Сибирский федеральный округ,2015,460334
234,        Томская область,Сибирский федеральный округ,2015,108208
235,        Республика Бурятия,Дальневосточный федеральный округ,2015,286285
236,        Забайкальский край,Дальневосточный федеральный округ,2015,191154
237,        Республика Саха (Якутия),Дальневосточный федеральный округ,2015,184429
238,        Камчатский край,Дальневосточный федеральный округ,2015,119869
239,        Приморский край,Дальневосточный федеральный округ,2015,813511
240,        Хабаровский край,Дальневосточный федеральный округ,2015,458768
241,        Амурская область,Дальневосточный федеральный округ,2015,217340
242,        Магаданская область,Дальневосточный федеральный округ,2015,62495
243,        Сахалинская область,Дальневосточный федеральный округ,2015,133877
244,        Еврейская автономная область,Дальневосточный федеральный округ,2015,29013
245,        Чукотский автономный округ,Дальневосточный федеральный округ,2015,9323
246,        Белгородская область,Центральный федеральный округ,2016,233033
247,        Брянская область,Центральный федеральный округ,2016,170861
248,        Владимирская область,Центральный федеральный округ,2016,573172
249,        Воронежская область,Центральный федеральный округ,2016,582147
250,        Ивановская область,Центральный федеральный округ,2016,221842
251,        Калужская область,Центральный федеральный округ,2016,434028
252,        Костромская область,Центральный федеральный округ,2016,238057
253,        Курская область,Центральный федеральный округ,2016,194613
254,        Липецкая область,Центральный федеральный округ,2016,172367
255,        Московская область,Центральный федеральный округ,2016,3261347
256,        Орловская область,Центральный федеральный округ,2016,106027
257,        Рязанская область,Центральный федеральный округ,2016,331050
258,        Смоленская область,Центральный федеральный округ,2016,201208
259,        Тамбовская область,Центральный федеральный округ,2016,137625
260,        Тверская область,Центральный федеральный округ,2016,409095
261,        Тульская область,Центральный федеральный округ,2016,297209
262,        Ярославская область,Центральный федеральный округ,2016,621574
263,        Город Москва столица Российской Федерации город федерального значения,Центральный федеральный округ,2016,7043836
264,        Республика Карелия,Северо-Западный федеральный округ,2016,379400
265,        Республика Коми,Северо-Западный федеральный округ,2016,208080
266,        Архангельская область,Северо-Западный федеральный округ,2016,274946
267,        Вологодская область,Северо-Западный федеральный округ,2016,373975
268,        Калининградская область,Северо-Западный федеральный округ,2016,461203
269,        Ленинградская область,Северо-Западный федеральный округ,2016,602858
270,        Мурманская область,Северо-Западный федеральный округ,2016,214088
271,        Новгородская область,Северо-Западный федеральный округ,2016,281325
272,        Псковская область,Северо-Западный федеральный округ,2016,317753
273,        Город Санкт-Петербург город федерального значения,Северо-Западный федеральный округ,2016,2498059
274,        Республика Адыгея (Адыгея),Южный федеральный округ,2016,90657
275,        Республика Калмыкия,Южный федеральный округ,2016,30713
276,        Республика Крым,Южный федеральный округ,2016,1624852
277,        Краснодарский край,Южный федеральный округ,2016,5662608
278,        Астраханская область,Южный федеральный округ,2016,247334
279,        Волгоградская область,Южный федеральный округ,2016,556985
280,        Ростовская область,Южный федеральный округ,2016,869140
281,        Город федерального значения Севастополь,Южный федеральный округ,2016,122475
282,        Республика Дагестан,Северо-Кавказский федеральный округ,2016,138322
283,        Республика Ингушетия,Северо-Кавказский федеральный округ,2016,2590
284,        Кабардино-Балкарская Республика,Северо-Кавказский федеральный округ,2016,104597
285,        Карачаево-Черкесская Республика,Северо-Кавказский федеральный округ,2016,113709
286,        Республика Северная Осетия-Алания,Северо-Кавказский федеральный округ,2016,40909
287,        Чеченская Республика,Северо-Кавказский федеральный округ,2016,30574
288,        Ставропольский край,Северо-Кавказский федеральный округ,2016,937818
289,        Республика Башкортостан,Приволжский федеральный округ,2016,988686
290,        Республика Марий Эл,Приволжский федеральный округ,2016,123635
291,        Республика Мордовия,Приволжский федеральный округ,2016,99537
292,        Республика Татарстан (Татарстан),Приволжский федеральный округ,2016,1796459
293,        Удмуртская Республика,Приволжский федеральный округ,2016,263309
294,        Чувашская Республика - Чувашия,Приволжский федеральный округ,2016,262471
295,        Пермский край,Приволжский федеральный округ,2016,642463
296,        Кировская область,Приволжский федеральный округ,2016,294479
297,        Нижегородская область,Приволжский федеральный округ,2016,942691
298,        Оренбургская область,Приволжский федеральный округ,2016,330197
299,        Пензенская область,Приволжский федеральный округ,2016,196050
300,        Самарская область,Приволжский федеральный округ,2016,662449
301,        Саратовская область,Приволжский федеральный округ,2016,327174
302,        Ульяновская область,Приволжский федеральный округ,2016,236821
303,        Курганская область,Уральский федеральный округ,2016,160322
304,        Свердловская область,Уральский федеральный округ,2016,1233451
305,        Тюменская область,Уральский федеральный округ,2016,1202008
306,        Челябинская область,Уральский федеральный округ,2016,786224
307,        Республика Алтай,Сибирский федеральный округ,2016,205684
308,        Республика Тыва,Сибирский федеральный округ,2016,30764
309,        Республика Хакасия,Сибирский федеральный округ,2016,97117
310,        Алтайский край,Сибирский федеральный округ,2016,590815
311,        Красноярский край,Сибирский федеральный округ,2016,646121
312,        Иркутская область,Сибирский федеральный округ,2016,597252
313,        Кемеровская область - Кузбасс,Сибирский федеральный округ,2016,429060
314,        Новосибирская область,Сибирский федеральный округ,2016,716153
315,        Омская область,Сибирский федеральный округ,2016,338313
316,        Томская область,Сибирский федеральный округ,2016,212906
317,        Республика Бурятия,Дальневосточный федеральный округ,2016,293846
318,        Забайкальский край,Дальневосточный федеральный округ,2016,190973
319,        Республика Саха (Якутия),Дальневосточный федеральный округ,2016,172717
320,        Камчатский край,Дальневосточный федеральный округ,2016,110376
321,        Приморский край,Дальневосточный федеральный округ,2016,647010
322,        Хабаровский край,Дальневосточный федеральный округ,2016,541830
323,        Амурская область,Дальневосточный федеральный округ,2016,280753
324,        Магаданская область,Дальневосточный федеральный округ,2016,70395
325,        Сахалинская область,Дальневосточный федеральный округ,2016,162501
326,        Еврейская автономная область,Дальневосточный федеральный округ,2016,29024
327,        Чукотский автономный округ,Дальневосточный федеральный округ,2016,12607
328,        Белгородская область,Центральный федеральный округ,2017,272193
329,        Брянская область,Центральный федеральный округ,2017,197869
330,        Владимирская область,Центральный федеральный округ,2017,521158
331,        Воронежская область,Центральный федеральный округ,2017,636841
332,        Ивановская область,Центральный федеральный округ,2017,244296
333,        Калужская область,Центральный федеральный округ,2017,504686
334,        Костромская область,Центральный федеральный округ,2017,264206
335,        Курская область,Центральный федеральный округ,2017,192472
336,        Липецкая область,Центральный федеральный округ,2017,190754
337,        Московская область,Центральный федеральный округ,2017,3184455
338,        Орловская область,Центральный федеральный округ,2017,110298
339,        Рязанская область,Центральный федеральный округ,2017,395807
340,        Смоленская область,Центральный федеральный округ,2017,210044
341,        Тамбовская область,Центральный федеральный округ,2017,170530
342,        Тверская область,Центральный федеральный округ,2017,517374
343,        Тульская область,Центральный федеральный округ,2017,336459
344,        Ярославская область,Центральный федеральный округ,2017,709543
345,        Город Москва столица Российской Федерации город федерального значения,Центральный федеральный округ,2017,7611660
346,        Республика Карелия,Северо-Западный федеральный округ,2017,375733
347,        Республика Коми,Северо-Западный федеральный округ,2017,192978
348,        Архангельская область,Северо-Западный федеральный округ,2017,264861
349,        Вологодская область,Северо-Западный федеральный округ,2017,446296
350,        Калининградская область,Северо-Западный федеральный округ,2017,480654
351,        Ленинградская область,Северо-Западный федеральный округ,2017,682257
352,        Мурманская область,Северо-Западный федеральный округ,2017,266049
353,        Новгородская область,Северо-Западный федеральный округ,2017,279157
354,        Псковская область,Северо-Западный федеральный округ,2017,346777
355,        Город Санкт-Петербург город федерального значения,Северо-Западный федеральный округ,2017,3576994
356,        Республика Адыгея (Адыгея),Южный федеральный округ,2017,107356
357,        Республика Калмыкия,Южный федеральный округ,2017,33816
358,        Республика Крым,Южный федеральный округ,2017,1528210
359,        Краснодарский край,Южный федеральный округ,2017,6451412
360,        Астраханская область,Южный федеральный округ,2017,251689
361,        Волгоградская область,Южный федеральный округ,2017,590387
362,        Ростовская область,Южный федеральный округ,2017,1023404
363,        Город федерального значения Севастополь,Южный федеральный округ,2017,174043
364,        Республика Дагестан,Северо-Кавказский федеральный округ,2017,113574
365,        Республика Ингушетия,Северо-Кавказский федеральный округ,2017,7025
366,        Кабардино-Балкарская Республика,Северо-Кавказский федеральный округ,2017,117359
367,        Карачаево-Черкесская Республика,Северо-Кавказский федеральный округ,2017,99077
368,        Республика Северная Осетия-Алания,Северо-Кавказский федеральный округ,2017,51269
369,        Чеченская Республика,Северо-Кавказский федеральный округ,2017,46914
370,        Ставропольский край,Северо-Кавказский федеральный округ,2017,957362
371,        Республика Башкортостан,Приволжский федеральный округ,2017,1087550
372,        Республика Марий Эл,Приволжский федеральный округ,2017,125068
373,        Республика Мордовия,Приволжский федеральный округ,2017,113743
374,        Республика Татарстан (Татарстан),Приволжский федеральный округ,2017,2007077
375,        Удмуртская Республика,Приволжский федеральный округ,2017,280184
376,        Чувашская Республика - Чувашия,Приволжский федеральный округ,2017,274941
377,        Пермский край,Приволжский федеральный округ,2017,637322
378,        Кировская область,Приволжский федеральный округ,2017,280497
379,        Нижегородская область,Приволжский федеральный округ,2017,1026716
380,        Оренбургская область,Приволжский федеральный округ,2017,358875
381,        Пензенская область,Приволжский федеральный округ,2017,209347
382,        Самарская область,Приволжский федеральный округ,2017,840160
383,        Саратовская область,Приволжский федеральный округ,2017,427594
384,        Ульяновская область,Приволжский федеральный округ,2017,306258
385,        Курганская область,Уральский федеральный округ,2017,137593
386,        Свердловская область,Уральский федеральный округ,2017,1241309
387,        Тюменская область,Уральский федеральный округ,2017,1359769
388,        Челябинская область,Уральский федеральный округ,2017,900578
389,        Республика Алтай,Сибирский федеральный округ,2017,161996
390,        Республика Тыва,Сибирский федеральный округ,2017,34919
391,        Республика Хакасия,Сибирский федеральный округ,2017,110909
392,        Алтайский край,Сибирский федеральный округ,2017,674794
393,        Красноярский край,Сибирский федеральный округ,2017,611077
394,        Иркутская область,Сибирский федеральный округ,2017,631240
395,        Кемеровская область - Кузбасс,Сибирский федеральный округ,2017,540580
396,        Новосибирская область,Сибирский федеральный округ,2017,822552
397,        Омская область,Сибирский федеральный округ,2017,492668
398,        Томская область,Сибирский федеральный округ,2017,211785
399,        Республика Бурятия,Дальневосточный федеральный округ,2017,344831
400,        Забайкальский край,Дальневосточный федеральный округ,2017,196331
401,        Республика Саха (Якутия),Дальневосточный федеральный округ,2017,185919
402,        Камчатский край,Дальневосточный федеральный округ,2017,137475
403,        Приморский край,Дальневосточный федеральный округ,2017,807779
404,        Хабаровский край,Дальневосточный федеральный округ,2017,537008
405,        Амурская область,Дальневосточный федеральный округ,2017,329522
406,        Магаданская область,Дальневосточный федеральный округ,2017,61591
407,        Сахалинская область,Дальневосточный федеральный округ,2017,246123
408,        Еврейская автономная область,Дальневосточный федеральный округ,2017,27862
409,        Чукотский автономный округ,Дальневосточный федеральный округ,2017,17525
410,        Белгородская область,Центральный федеральный округ,2018,301418
411,        Брянская область,Центральный федеральный округ,2018,223783
412,        Владимирская область,Центральный федеральный округ,2018,543317
413,        Воронежская область,Центральный федеральный округ,2018,647330
414,        Ивановская область,Центральный федеральный округ,2018,244175
415,        Калужская область,Центральный федеральный округ,2018,605580
416,        Костромская область,Центральный федеральный округ,2018,282822
417,        Курская область,Центральный федеральный округ,2018,186803
418,        Липецкая область,Центральный федеральный округ,2018,222811
419,        Московская область,Центральный федеральный округ,2018,3743773
420,        Орловская область,Центральный федеральный округ,2018,122994
421,        Рязанская область,Центральный федеральный округ,2018,349016
422,        Смоленская область,Центральный федеральный округ,2018,210398
423,        Тамбовская область,Центральный федеральный округ,2018,191705
424,        Тверская область,Центральный федеральный округ,2018,531483
425,        Тульская область,Центральный федеральный округ,2018,400520
426,        Ярославская область,Центральный федеральный округ,2018,716852
427,        Город Москва столица Российской Федерации город федерального значения,Центральный федеральный округ,2018,9682050
428,        Республика Карелия,Северо-Западный федеральный округ,2018,423362
429,        Республика Коми,Северо-Западный федеральный округ,2018,205996
430,        Архангельская область,Северо-Западный федеральный округ,2018,301721
431,        Вологодская область,Северо-Западный федеральный округ,2018,494268
432,        Калининградская область,Северо-Западный федеральный округ,2018,542617
433,        Ленинградская область,Северо-Западный федеральный округ,2018,984720
434,        Мурманская область,Северо-Западный федеральный округ,2018,261983
435,        Новгородская область,Северо-Западный федеральный округ,2018,296426
436,        Псковская область,Северо-Западный федеральный округ,2018,340843
437,        Город Санкт-Петербург город федерального значения,Северо-Западный федеральный округ,2018,3897736
438,        Республика Адыгея (Адыгея),Южный федеральный округ,2018,114400
439,        Республика Калмыкия,Южный федеральный округ,2018,38307
440,        Республика Крым,Южный федеральный округ,2018,2028971
441,        Краснодарский край,Южный федеральный округ,2018,7820963
442,        Астраханская область,Южный федеральный округ,2018,222970
443,        Волгоградская область,Южный федеральный округ,2018,691657
444,        Ростовская область,Южный федеральный округ,2018,1111305
445,        Город федерального значения Севастополь,Южный федеральный округ,2018,162477
446,        Республика Дагестан,Северо-Кавказский федеральный округ,2018,184140
447,        Республика Ингушетия,Северо-Кавказский федеральный округ,2018,10013
448,        Кабардино-Балкарская Республика,Северо-Кавказский федеральный округ,2018,120446
449,        Карачаево-Черкесская Республика,Северо-Кавказский федеральный округ,2018,102053
450,        Республика Северная Осетия-Алания,Северо-Кавказский федеральный округ,2018,67939
451,        Чеченская Республика,Северо-Кавказский федеральный округ,2018,65546
452,        Ставропольский край,Северо-Кавказский федеральный округ,2018,1034314
453,        Республика Башкортостан,Приволжский федеральный округ,2018,1145057
454,        Республика Марий Эл,Приволжский федеральный округ,2018,134411
455,        Республика Мордовия,Приволжский федеральный округ,2018,126277
456,        Республика Татарстан (Татарстан),Приволжский федеральный округ,2018,2117233
457,        Удмуртская Республика,Приволжский федеральный округ,2018,351240
458,        Чувашская Республика - Чувашия,Приволжский федеральный округ,2018,268960
459,        Пермский край,Приволжский федеральный округ,2018,710633
460,        Кировская область,Приволжский федеральный округ,2018,305326
461,        Нижегородская область,Приволжский федеральный округ,2018,1089925
462,        Оренбургская область,Приволжский федеральный округ,2018,359477
463,        Пензенская область,Приволжский федеральный округ,2018,199857
464,        Самарская область,Приволжский федеральный округ,2018,921230
465,        Саратовская область,Приволжский федеральный округ,2018,390622
466,        Ульяновская область,Приволжский федеральный округ,2018,346141
467,        Курганская область,Уральский федеральный округ,2018,152237
468,        Свердловская область,Уральский федеральный округ,2018,1417732
469,        Тюменская область,Уральский федеральный округ,2018,1505337
470,        Челябинская область,Уральский федеральный округ,2018,954046
471,        Республика Алтай,Сибирский федеральный округ,2018,196375
472,        Республика Тыва,Сибирский федеральный округ,2018,35847
473,        Республика Хакасия,Сибирский федеральный округ,2018,164336
474,        Алтайский край,Сибирский федеральный округ,2018,668879
475,        Красноярский край,Сибирский федеральный округ,2018,730691
476,        Иркутская область,Сибирский федеральный округ,2018,724369
477,        Кемеровская область - Кузбасс,Сибирский федеральный округ,2018,572009
478,        Новосибирская область,Сибирский федеральный округ,2018,983053
479,        Омская область,Сибирский федеральный округ,2018,518953
480,        Томская область,Сибирский федеральный округ,2018,236656
481,        Республика Бурятия,Дальневосточный федеральный округ,2018,331290
482,        Забайкальский край,Дальневосточный федеральный округ,2018,207514
483,        Республика Саха (Якутия),Дальневосточный федеральный округ,2018,190123
484,        Камчатский край,Дальневосточный федеральный округ,2018,150017
485,        Приморский край,Дальневосточный федеральный округ,2018,823640
486,        Хабаровский край,Дальневосточный федеральный округ,2018,541450
487,        Амурская область,Дальневосточный федеральный округ,2018,307593
488,        Магаданская область,Дальневосточный федеральный округ,2018,57192
489,        Сахалинская область,Дальневосточный федеральный округ,2018,203009
490,        Еврейская автономная область,Дальневосточный федеральный округ,2018,36153
491,        Чукотский автономный округ,Дальневосточный федеральный округ,2018,14387
492,        Белгородская область,Центральный федеральный округ,2019,313741
493,        Брянская область,Центральный федеральный округ,2019,221142
494,        Владимирская область,Центральный федеральный округ,2019,581738
495,        Воронежская область,Центральный федеральный округ,2019,645250
496,        Ивановская область,Центральный федеральный округ,2019,258162
497,        Калужская область,Центральный федеральный округ,2019,570946
498,        Костромская область,Центральный федеральный округ,2019,293399
499,        Курская область,Центральный федеральный округ,2019,200332
500,        Липецкая область,Центральный федеральный округ,2019,260569
501,        Московская область,Центральный федеральный округ,2019,4586111
502,        Орловская область,Центральный федеральный округ,2019,124656
503,        Рязанская область,Центральный федеральный округ,2019,391507
504,        Смоленская область,Центральный федеральный округ,2019,226817
505,        Тамбовская область,Центральный федеральный округ,2019,178621
506,        Тверская область,Центральный федеральный округ,2019,555510
507,        Тульская область,Центральный федеральный округ,2019,458441
508,        Ярославская область,Центральный федеральный округ,2019,819564
509,        Город Москва столица Российской Федерации город федерального значения,Центральный федеральный округ,2019,10388303
510,        Республика Карелия,Северо-Западный федеральный округ,2019,435269
511,        Республика Коми,Северо-Западный федеральный округ,2019,228144
512,        Архангельская область,Северо-Западный федеральный округ,2019,347028
513,        Вологодская область,Северо-Западный федеральный округ,2019,468083
514,        Калининградская область,Северо-Западный федеральный округ,2019,556336
515,        Ленинградская область,Северо-Западный федеральный округ,2019,1062413
516,        Мурманская область,Северо-Западный федеральный округ,2019,263791
517,        Новгородская область,Северо-Западный федеральный округ,2019,305769
518,        Псковская область,Северо-Западный федеральный округ,2019,387777
519,        Город Санкт-Петербург город федерального значения,Северо-Западный федеральный округ,2019,3835825
520,        Республика Адыгея (Адыгея),Южный федеральный округ,2019,142392
521,        Республика Калмыкия,Южный федеральный округ,2019,43248
522,        Республика Крым,Южный федеральный округ,2019,2308769
523,        Краснодарский край,Южный федеральный округ,2019,8069907
524,        Астраханская область,Южный федеральный округ,2019,248304
525,        Волгоградская область,Южный федеральный округ,2019,686303
526,        Ростовская область,Южный федеральный округ,2019,1198098
527,        Город федерального значения Севастополь,Южный федеральный округ,2019,232172
528,        Республика Дагестан,Северо-Кавказский федеральный округ,2019,165050
529,        Республика Ингушетия,Северо-Кавказский федеральный округ,2019,8192
530,        Кабардино-Балкарская Республика,Северо-Кавказский федеральный округ,2019,153661
531,        Карачаево-Черкесская Республика,Северо-Кавказский федеральный округ,2019,103978
532,        Республика Северная Осетия-Алания,Северо-Кавказский федеральный округ,2019,83729
533,        Чеченская Республика,Северо-Кавказский федеральный округ,2019,92303
534,        Ставропольский край,Северо-Кавказский федеральный округ,2019,1071168
535,        Республика Башкортостан,Приволжский федеральный округ,2019,1239294
536,        Республика Марий Эл,Приволжский федеральный округ,2019,138398
537,        Республика Мордовия,Приволжский федеральный округ,2019,146667
538,        Республика Татарстан (Татарстан),Приволжский федеральный округ,2019,2228082
539,        Удмуртская Республика,Приволжский федеральный округ,2019,402614
540,        Чувашская Республика - Чувашия,Приволжский федеральный округ,2019,300574
541,        Пермский край,Приволжский федеральный округ,2019,736528
542,        Кировская область,Приволжский федеральный округ,2019,314038
543,        Нижегородская область,Приволжский федеральный округ,2019,1202659
544,        Оренбургская область,Приволжский федеральный округ,2019,391068
545,        Пензенская область,Приволжский федеральный округ,2019,287954
546,        Самарская область,Приволжский федеральный округ,2019,969706
547,        Саратовская область,Приволжский федеральный округ,2019,475744
548,        Ульяновская область,Приволжский федеральный округ,2019,386906
549,        Курганская область,Уральский федеральный округ,2019,170119
550,        Свердловская область,Уральский федеральный округ,2019,1532558
551,        Тюменская область,Уральский федеральный округ,2019,1624451
552,        Челябинская область,Уральский федеральный округ,2019,964738
553,        Республика Алтай,Сибирский федеральный округ,2019,222695
554,        Республика Тыва,Сибирский федеральный округ,2019,39461
555,        Республика Хакасия,Сибирский федеральный округ,2019,184141
556,        Алтайский край,Сибирский федеральный округ,2019,702795
557,        Красноярский край,Сибирский федеральный округ,2019,808051
558,        Иркутская область,Сибирский федеральный округ,2019,734632
559,        Кемеровская область - Кузбасс,Сибирский федеральный округ,2019,572291
560,        Новосибирская область,Сибирский федеральный округ,2019,1029796
561,        Омская область,Сибирский федеральный округ,2019,479148
562,        Томская область,Сибирский федеральный округ,2019,219876
563,        Республика Бурятия,Дальневосточный федеральный округ,2019,357694
564,        Забайкальский край,Дальневосточный федеральный округ,2019,238684
565,        Республика Саха (Якутия),Дальневосточный федеральный округ,2019,194039
566,        Камчатский край,Дальневосточный федеральный округ,2019,152574
567,        Приморский край,Дальневосточный федеральный округ,2019,925975
568,        Хабаровский край,Дальневосточный федеральный округ,2019,571017
569,        Амурская область,Дальневосточный федеральный округ,2019,309940
570,        Магаданская область,Дальневосточный федеральный округ,2019,67293
571,        Сахалинская область,Дальневосточный федеральный округ,2019,228409
572,        Еврейская автономная область,Дальневосточный федеральный округ,2019,35217
573,        Чукотский автономный округ,Дальневосточный федеральный округ,2019,27426
574,        Белгородская область,Центральный федеральный округ,2020,208642
575,        Брянская область,Центральный федеральный округ,2020,136956
576,        Владимирская область,Центральный федеральный округ,2020,361577
577,        Воронежская область,Центральный федеральный округ,2020,487604
578,        Ивановская область,Центральный федеральный округ,2020,140759
579,        Калужская область,Центральный федеральный округ,2020,403383
580,        Костромская область,Центральный федеральный округ,2020,270378
581,        Курская область,Центральный федеральный округ,2020,131619
582,        Липецкая область,Центральный федеральный округ,2020,208200
583,        Московская область,Центральный федеральный округ,2020,2906713
584,        Орловская область,Центральный федеральный округ,2020,85816
585,        Рязанская область,Центральный федеральный округ,2020,317710
586,        Смоленская область,Центральный федеральный округ,2020,141477
587,        Тамбовская область,Центральный федеральный округ,2020,122688
588,        Тверская область,Центральный федеральный округ,2020,479315
589,        Тульская область,Центральный федеральный округ,2020,301158
590,        Ярославская область,Центральный федеральный округ,2020,592246
591,        Город Москва столица Российской Федерации город федерального значения,Центральный федеральный округ,2020,6232571
592,        Республика Карелия,Северо-Западный федеральный округ,2020,381268
593,        Республика Коми,Северо-Западный федеральный округ,2020,141619
594,        Архангельская область,Северо-Западный федеральный округ,2020,202365
595,        Вологодская область,Северо-Западный федеральный округ,2020,279338
596,        Калининградская область,Северо-Западный федеральный округ,2020,515481
597,        Ленинградская область,Северо-Западный федеральный округ,2020,953320
598,        Мурманская область,Северо-Западный федеральный округ,2020,226461
599,        Новгородская область,Северо-Западный федеральный округ,2020,247082
600,        Псковская область,Северо-Западный федеральный округ,2020,249348
601,        Город Санкт-Петербург город федерального значения,Северо-Западный федеральный округ,2020,2777133
602,        Республика Адыгея (Адыгея),Южный федеральный округ,2020,111142
603,        Республика Калмыкия,Южный федеральный округ,2020,25586
604,        Республика Крым,Южный федеральный округ,2020,1915709
605,        Краснодарский край,Южный федеральный округ,2020,6221507
606,        Астраханская область,Южный федеральный округ,2020,196652
607,        Волгоградская область,Южный федеральный округ,2020,484108
608,        Ростовская область,Южный федеральный округ,2020,814743
609,        Город федерального значения Севастополь,Южный федеральный округ,2020,152438
610,        Республика Дагестан,Северо-Кавказский федеральный округ,2020,122251
611,        Республика Ингушетия,Северо-Кавказский федеральный округ,2020,12927
612,        Кабардино-Балкарская Республика,Северо-Кавказский федеральный округ,2020,91592
613,        Карачаево-Черкесская Республика,Северо-Кавказский федеральный округ,2020,89172
614,        Республика Северная Осетия-Алания,Северо-Кавказский федеральный округ,2020,88159
615,        Чеченская Республика,Северо-Кавказский федеральный округ,2020,110950
616,        Ставропольский край,Северо-Кавказский федеральный округ,2020,653447
617,        Республика Башкортостан,Приволжский федеральный округ,2020,884279
618,        Республика Марий Эл,Приволжский федеральный округ,2020,78101
619,        Республика Мордовия,Приволжский федеральный округ,2020,80917
620,        Республика Татарстан (Татарстан),Приволжский федеральный округ,2020,1423917
621,        Удмуртская Республика,Приволжский федеральный округ,2020,269113
622,        Чувашская Республика - Чувашия,Приволжский федеральный округ,2020,186583
623,        Пермский край,Приволжский федеральный округ,2020,479441
624,        Кировская область,Приволжский федеральный округ,2020,212275
625,        Нижегородская область,Приволжский федеральный округ,2020,736713
626,        Оренбургская область,Приволжский федеральный округ,2020,233121
627,        Пензенская область,Приволжский федеральный округ,2020,192225
628,        Самарская область,Приволжский федеральный округ,2020,707173
629,        Саратовская область,Приволжский федеральный округ,2020,346214
630,        Ульяновская область,Приволжский федеральный округ,2020,274385
631,        Курганская область,Уральский федеральный округ,2020,113684
632,        Свердловская область,Уральский федеральный округ,2020,952364
633,        Тюменская область,Уральский федеральный округ,2020,1079325
634,        Челябинская область,Уральский федеральный округ,2020,657918
635,        Республика Алтай,Сибирский федеральный округ,2020,148843
636,        Республика Тыва,Сибирский федеральный округ,2020,34138
637,        Республика Хакасия,Сибирский федеральный округ,2020,107791
638,        Алтайский край,Сибирский федеральный округ,2020,488886
639,        Красноярский край,Сибирский федеральный округ,2020,527792
640,        Иркутская область,Сибирский федеральный округ,2020,555303
641,        Кемеровская область - Кузбасс,Сибирский федеральный округ,2020,384330
642,        Новосибирская область,Сибирский федеральный округ,2020,763383
643,        Омская область,Сибирский федеральный округ,2020,325446
644,        Томская область,Сибирский федеральный округ,2020,122232
645,        Республика Бурятия,Дальневосточный федеральный округ,2020,273183
646,        Забайкальский край,Дальневосточный федеральный округ,2020,197675
647,        Республика Саха (Якутия),Дальневосточный федеральный округ,2020,112309
648,        Камчатский край,Дальневосточный федеральный округ,2020,115956
649,        Приморский край,Дальневосточный федеральный округ,2020,604055
650,        Хабаровский край,Дальневосточный федеральный округ,2020,426116
651,        Амурская область,Дальневосточный федеральный округ,2020,244300
652,        Магаданская область,Дальневосточный федеральный округ,2020,61126
653,        Сахалинская область,Дальневосточный федеральный округ,2020,188127
654,        Еврейская автономная область,Дальневосточный федеральный округ,2020,26292
655,        Чукотский автономный округ,Дальневосточный федеральный округ,2020,15582
